"time_id","time_datetime","time_year","time_month","time_day","time_hour","time_minute","time_second","time_day_of_week"
1,"2017-10-11 19:52:57",2017,10,11,19,52,57,4
2,"2018-01-24 19:15:24",2018,1,24,19,15,24,4
3,"2017-12-06 19:45:58",2017,12,6,19,45,58,4
4,"2013-12-02 21:52:36",2013,12,2,21,52,36,2
5,"2014-12-14 02:05:11",2014,12,14,2,5,11,1
6,"2012-07-29 21:09:10",2012,7,29,21,9,10,1
7,"2014-11-17 14:58:14",2014,11,17,14,58,14,2
8,"2015-04-07 00:12:12",2015,4,7,0,12,12,3
9,"2014-09-10 00:02:14",2014,9,10,0,2,14,4
10,"2014-11-17 19:02:08",2014,11,17,19,2,8,2
11,"2014-03-02 04:01:47",2014,3,2,4,1,47,1
12,"2015-02-24 23:11:21",2015,2,24,23,11,21,3
13,"2013-11-08 03:04:26",2013,11,8,3,4,26,6
14,"2016-03-03 17:49:18",2016,3,3,17,49,18,5
15,"2016-05-26 16:44:36",2016,5,26,16,44,36,5
16,"2014-09-23 10:34:40",2014,9,23,10,34,40,3
17,"2015-08-05 03:01:48",2015,8,5,3,1,48,4
18,"2015-12-14 14:02:15",2015,12,14,14,2,15,2
19,"2015-05-21 10:48:31",2015,5,21,10,48,31,5
20,"2016-12-07 04:32:51",2016,12,7,4,32,51,4
21,"2015-01-12 10:21:01",2015,1,12,10,21,1,2
22,"2016-09-10 22:09:21",2016,9,10,22,9,21,7
23,"2014-08-02 04:32:47",2014,8,2,4,32,47,7
24,"2017-06-07 13:21:01",2017,6,7,13,21,1,4
25,"2012-08-15 13:45:48",2012,8,15,13,45,48,4
26,"2017-08-23 23:16:49",2017,8,23,23,16,49,4
27,"2017-02-02 05:39:02",2017,2,2,5,39,2,5
28,"2015-10-04 17:49:15",2015,10,4,17,49,15,1
29,"2013-02-08 22:53:38",2013,2,8,22,53,38,6
30,"2013-02-04 12:59:42",2013,2,4,12,59,42,2
31,"2013-11-16 08:03:53",2013,11,16,8,3,53,7
32,"2015-05-11 16:32:37",2015,5,11,16,32,37,2
33,"2016-01-07 19:09:17",2016,1,7,19,9,17,5
34,"2013-02-05 05:55:00",2013,2,5,5,55,0,3
35,"2012-05-29 14:01:54",2012,5,29,14,1,54,3
36,"2013-06-03 20:22:12",2013,6,3,20,22,12,2
37,"2015-06-28 08:55:02",2015,6,28,8,55,2,1
38,"2012-06-28 16:29:15",2012,6,28,16,29,15,5
39,"2016-02-09 14:15:34",2016,2,9,14,15,34,3
40,"2015-08-14 13:43:09",2015,8,14,13,43,9,6
41,"2015-05-23 13:02:01",2015,5,23,13,2,1,7
42,"2012-09-01 09:29:49",2012,9,1,9,29,49,7
43,"2014-04-11 05:32:58",2014,4,11,5,32,58,6
44,"2012-05-31 22:19:15",2012,5,31,22,19,15,5
45,"2015-09-25 23:30:51",2015,9,25,23,30,51,6
46,"2017-04-22 00:46:05",2017,4,22,0,46,5,7
47,"2014-10-31 12:39:01",2014,10,31,12,39,1,6
48,"2017-06-22 05:17:27",2017,6,22,5,17,27,5
49,"2017-04-25 18:24:11",2017,4,25,18,24,11,3
50,"2018-01-15 03:16:47",2018,1,15,3,16,47,2
51,"2018-01-23 18:04:16",2018,1,23,18,4,16,3
52,"2016-11-20 17:10:29",2016,11,20,17,10,29,1
53,"2012-11-01 00:32:28",2012,11,1,0,32,28,5
54,"2014-05-22 05:37:40",2014,5,22,5,37,40,5
55,"2014-04-30 10:16:23",2014,4,30,10,16,23,4
56,"2016-09-14 02:03:59",2016,9,14,2,3,59,4
57,"2013-07-21 16:53:48",2013,7,21,16,53,48,1
58,"2013-07-07 06:13:18",2013,7,7,6,13,18,1
59,"2014-05-28 10:56:16",2014,5,28,10,56,16,4
60,"2017-05-25 22:56:36",2017,5,25,22,56,36,5
61,"2015-05-28 18:12:50",2015,5,28,18,12,50,5
62,"2016-09-23 13:49:55",2016,9,23,13,49,55,6
63,"2016-09-29 16:56:21",2016,9,29,16,56,21,5
64,"2017-03-03 12:39:50",2017,3,3,12,39,50,6
65,"2014-10-06 14:23:06",2014,10,6,14,23,6,2
66,"2015-10-12 20:38:42",2015,10,12,20,38,42,2
67,"2014-04-04 16:43:17",2014,4,4,16,43,17,6
68,"2014-05-03 10:50:13",2014,5,3,10,50,13,7
69,"2015-10-07 02:37:26",2015,10,7,2,37,26,4
70,"2017-07-13 14:03:55",2017,7,13,14,3,55,5
71,"2012-09-17 09:15:23",2012,9,17,9,15,23,2
72,"2017-12-07 23:41:35",2017,12,7,23,41,35,5
73,"2012-09-13 23:29:44",2012,9,13,23,29,44,5
74,"2013-03-12 00:15:17",2013,3,12,0,15,17,3
75,"2014-11-02 03:48:14",2014,11,2,3,48,14,1
76,"2013-09-12 10:38:25",2013,9,12,10,38,25,5
77,"2017-05-03 13:31:40",2017,5,3,13,31,40,4
78,"2016-09-14 13:19:24",2016,9,14,13,19,24,4
79,"2018-02-27 21:05:25",2018,2,27,21,5,25,3
80,"2017-12-01 10:14:18",2017,12,1,10,14,18,6
81,"2015-11-05 07:42:46",2015,11,5,7,42,46,5
82,"2015-01-07 03:12:47",2015,1,7,3,12,47,4
83,"2017-12-21 17:56:19",2017,12,21,17,56,19,5
84,"2013-10-10 05:35:36",2013,10,10,5,35,36,5
85,"2016-01-10 01:17:32",2016,1,10,1,17,32,1
86,"2017-12-22 02:14:00",2017,12,22,2,14,0,6
87,"2014-05-25 18:07:40",2014,5,25,18,7,40,1
88,"2013-01-09 13:01:41",2013,1,9,13,1,41,4
89,"2017-01-15 20:50:05",2017,1,15,20,50,5,1
90,"2017-09-01 12:09:14",2017,9,1,12,9,14,6
91,"2018-04-07 13:22:55",2018,4,7,13,22,55,7
92,"2014-02-07 09:24:37",2014,2,7,9,24,37,6
93,"2015-06-28 16:30:46",2015,6,28,16,30,46,1
94,"2016-05-24 20:47:33",2016,5,24,20,47,33,3
95,"2012-11-02 12:03:04",2012,11,2,12,3,4,6
96,"2014-04-08 15:38:20",2014,4,8,15,38,20,3
97,"2016-11-11 05:16:28",2016,11,11,5,16,28,6
98,"2014-05-23 10:54:00",2014,5,23,10,54,0,6
99,"2016-03-02 15:27:19",2016,3,2,15,27,19,4
100,"2017-04-18 19:46:11",2017,4,18,19,46,11,3
101,"2015-05-14 04:37:10",2015,5,14,4,37,10,5
102,"2013-03-02 17:23:16",2013,3,2,17,23,16,7
103,"2014-08-22 22:26:24",2014,8,22,22,26,24,6
104,"2014-04-02 01:57:02",2014,4,2,1,57,2,4
105,"2015-06-18 08:38:34",2015,6,18,8,38,34,5
106,"2017-01-20 21:44:41",2017,1,20,21,44,41,6
107,"2017-06-22 05:27:11",2017,6,22,5,27,11,5
108,"2016-01-10 19:43:59",2016,1,10,19,43,59,1
109,"2017-04-04 10:52:48",2017,4,4,10,52,48,3
110,"2017-10-12 02:25:23",2017,10,12,2,25,23,5
111,"2015-07-22 14:41:31",2015,7,22,14,41,31,4
112,"2015-09-28 21:01:52",2015,9,28,21,1,52,2
113,"2017-01-24 12:06:24",2017,1,24,12,6,24,3
114,"2016-09-26 18:35:36",2016,9,26,18,35,36,2
115,"2018-04-04 20:27:12",2018,4,4,20,27,12,4
116,"2016-11-23 08:41:01",2016,11,23,8,41,1,4
117,"2015-06-07 20:51:13",2015,6,7,20,51,13,1
118,"2014-11-25 05:47:13",2014,11,25,5,47,13,3
119,"2015-03-17 13:13:04",2015,3,17,13,13,4,3
120,"2015-08-06 05:18:41",2015,8,6,5,18,41,5
121,"2013-02-15 19:05:47",2013,2,15,19,5,47,6
122,"2014-12-22 01:52:17",2014,12,22,1,52,17,2
123,"2015-01-05 08:38:33",2015,1,5,8,38,33,2
124,"2016-09-26 20:07:22",2016,9,26,20,7,22,2
125,"2014-12-22 07:00:14",2014,12,22,7,0,14,2
126,"2015-07-08 18:45:12",2015,7,8,18,45,12,4
127,"2015-01-03 03:31:18",2015,1,3,3,31,18,7
128,"2016-07-23 07:25:16",2016,7,23,7,25,16,7
129,"2012-10-22 08:58:01",2012,10,22,8,58,1,2
130,"2014-12-16 07:44:00",2014,12,16,7,44,0,3
131,"2015-02-21 04:29:45",2015,2,21,4,29,45,7
132,"2017-01-04 21:39:48",2017,1,4,21,39,48,4
133,"2013-01-11 03:05:59",2013,1,11,3,5,59,6
134,"2016-04-12 18:25:33",2016,4,12,18,25,33,3
135,"2014-10-01 07:59:16",2014,10,1,7,59,16,4
136,"2015-12-09 12:22:36",2015,12,9,12,22,36,4
137,"2014-10-13 06:22:48",2014,10,13,6,22,48,2
138,"2014-03-07 18:13:08",2014,3,7,18,13,8,6
139,"2017-09-26 19:30:24",2017,9,26,19,30,24,3
140,"2017-09-29 02:23:26",2017,9,29,2,23,26,6
141,"2014-10-14 06:32:19",2014,10,14,6,32,19,3
142,"2015-01-14 19:45:39",2015,1,14,19,45,39,4
143,"2013-12-07 03:57:49",2013,12,7,3,57,49,7
144,"2017-08-20 01:13:30",2017,8,20,1,13,30,1
145,"2017-07-19 05:10:33",2017,7,19,5,10,33,4
146,"2015-02-06 12:18:18",2015,2,6,12,18,18,6
147,"2015-08-23 10:56:59",2015,8,23,10,56,59,1
148,"2014-05-07 08:11:02",2014,5,7,8,11,2,4
149,"2016-04-13 12:35:30",2016,4,13,12,35,30,4
150,"2013-01-11 07:17:25",2013,1,11,7,17,25,6
151,"2013-08-07 14:11:27",2013,8,7,14,11,27,4
152,"2017-02-13 22:30:26",2017,2,13,22,30,26,2
153,"2016-04-08 01:25:55",2016,4,8,1,25,55,6
154,"2018-04-05 08:33:24",2018,4,5,8,33,24,5
155,"2012-07-19 13:01:51",2012,7,19,13,1,51,5
156,"2017-06-14 20:07:56",2017,6,14,20,7,56,4
157,"2016-04-20 23:11:33",2016,4,20,23,11,33,4
158,"2017-09-24 18:25:48",2017,9,24,18,25,48,1
159,"2013-09-22 17:20:56",2013,9,22,17,20,56,1
160,"2017-11-21 01:03:58",2017,11,21,1,3,58,3
161,"2016-02-25 08:11:11",2016,2,25,8,11,11,5
162,"2017-06-01 23:09:15",2017,6,1,23,9,15,5
163,"2015-08-13 01:25:38",2015,8,13,1,25,38,5
164,"2015-05-28 01:25:31",2015,5,28,1,25,31,5
165,"2012-12-18 18:22:55",2012,12,18,18,22,55,3
166,"2014-08-09 23:43:12",2014,8,9,23,43,12,7
167,"2016-03-30 00:18:22",2016,3,30,0,18,22,4
168,"2016-09-09 05:43:06",2016,9,9,5,43,6,6
169,"2014-04-18 02:30:57",2014,4,18,2,30,57,6
170,"2015-02-04 03:45:53",2015,2,4,3,45,53,4
171,"2017-05-01 00:38:43",2017,5,1,0,38,43,2
172,"2016-02-14 18:02:01",2016,2,14,18,2,1,1
173,"2013-08-28 16:57:33",2013,8,28,16,57,33,4
174,"2015-08-14 15:06:13",2015,8,14,15,6,13,6
175,"2015-10-25 15:08:01",2015,10,25,15,8,1,1
176,"2017-05-25 11:17:34",2017,5,25,11,17,34,5
177,"2016-07-03 15:45:21",2016,7,3,15,45,21,1
178,"2016-08-19 08:06:28",2016,8,19,8,6,28,6
179,"2016-07-10 18:19:55",2016,7,10,18,19,55,1
180,"2016-07-14 13:05:14",2016,7,14,13,5,14,5
181,"2017-01-19 23:02:03",2017,1,19,23,2,3,5
182,"2017-11-13 02:26:40",2017,11,13,2,26,40,2
183,"2016-06-22 01:55:16",2016,6,22,1,55,16,4
184,"2013-02-22 06:40:05",2013,2,22,6,40,5,6
185,"2015-12-25 11:00:36",2015,12,25,11,0,36,6
186,"2016-06-23 17:34:01",2016,6,23,17,34,1,5
187,"2015-12-10 05:59:04",2015,12,10,5,59,4,5
188,"2014-01-31 19:48:30",2014,1,31,19,48,30,6
189,"2012-12-04 21:37:12",2012,12,4,21,37,12,3
190,"2016-09-11 00:56:21",2016,9,11,0,56,21,1
191,"2016-02-21 06:47:39",2016,2,21,6,47,39,1
192,"2014-10-17 23:45:52",2014,10,17,23,45,52,6
193,"2013-08-02 19:20:48",2013,8,2,19,20,48,6
194,"2016-09-15 17:19:18",2016,9,15,17,19,18,5
195,"2014-11-10 17:26:04",2014,11,10,17,26,4,2
196,"2017-05-12 06:41:30",2017,5,12,6,41,30,6
197,"2012-10-09 08:32:36",2012,10,9,8,32,36,3
198,"2015-03-05 06:13:11",2015,3,5,6,13,11,5
199,"2014-04-08 22:25:40",2014,4,8,22,25,40,3
200,"2014-12-17 00:40:02",2014,12,17,0,40,2,4
201,"2014-05-12 04:56:53",2014,5,12,4,56,53,2
202,"2012-06-17 13:28:43",2012,6,17,13,28,43,1
203,"2014-05-13 08:08:56",2014,5,13,8,8,56,3
204,"2014-08-11 16:02:23",2014,8,11,16,2,23,2
205,"2014-04-10 23:07:32",2014,4,10,23,7,32,5
206,"2017-03-26 01:01:39",2017,3,26,1,1,39,1
207,"2017-09-13 16:02:59",2017,9,13,16,2,59,4
208,"2015-06-05 14:20:45",2015,6,5,14,20,45,6
209,"2013-12-22 01:20:37",2013,12,22,1,20,37,1
210,"2012-05-06 22:36:33",2012,5,6,22,36,33,1
211,"2014-01-07 17:58:35",2014,1,7,17,58,35,3
212,"2014-03-11 18:03:58",2014,3,11,18,3,58,3
213,"2017-05-08 15:14:15",2017,5,8,15,14,15,2
214,"2012-07-17 01:48:49",2012,7,17,1,48,49,3
215,"2014-06-10 22:25:43",2014,6,10,22,25,43,3
216,"2012-11-04 22:08:32",2012,11,4,22,8,32,1
217,"2014-06-27 03:16:10",2014,6,27,3,16,10,6
218,"2015-01-28 14:32:44",2015,1,28,14,32,44,4
219,"2014-12-30 11:36:42",2014,12,30,11,36,42,3
220,"2017-06-10 06:54:34",2017,6,10,6,54,34,7
221,"2015-10-30 14:26:12",2015,10,30,14,26,12,6
222,"2014-09-13 18:00:02",2014,9,13,18,0,2,7
223,"2014-10-28 20:17:30",2014,10,28,20,17,30,3
224,"2015-10-24 04:30:35",2015,10,24,4,30,35,7
225,"2014-08-26 22:35:15",2014,8,26,22,35,15,3
226,"2013-11-08 08:17:51",2013,11,8,8,17,51,6
227,"2016-09-04 03:59:52",2016,9,4,3,59,52,1
228,"2016-02-29 20:14:27",2016,2,29,20,14,27,2
229,"2012-09-13 12:47:21",2012,9,13,12,47,21,5
230,"2018-01-18 14:14:04",2018,1,18,14,14,4,5
231,"2018-03-16 23:31:27",2018,3,16,23,31,27,6
232,"2014-05-22 15:07:56",2014,5,22,15,7,56,5
233,"2014-10-06 19:31:49",2014,10,6,19,31,49,2
234,"2014-06-08 22:18:15",2014,6,8,22,18,15,1
235,"2015-03-14 16:14:05",2015,3,14,16,14,5,7
236,"2016-07-25 17:13:33",2016,7,25,17,13,33,2
237,"2014-04-22 07:26:31",2014,4,22,7,26,31,3
238,"2016-04-04 13:58:53",2016,4,4,13,58,53,2
239,"2013-07-12 13:05:14",2013,7,12,13,5,14,6
240,"2014-11-13 06:14:30",2014,11,13,6,14,30,5
241,"2014-08-13 21:26:24",2014,8,13,21,26,24,4
242,"2015-08-16 17:34:13",2015,8,16,17,34,13,1
243,"2016-11-21 20:02:58",2016,11,21,20,2,58,2
244,"2015-09-07 09:25:54",2015,9,7,9,25,54,2
245,"2012-04-14 17:01:56",2012,4,14,17,1,56,7
246,"2014-10-03 20:47:16",2014,10,3,20,47,16,6
247,"2015-12-10 08:59:28",2015,12,10,8,59,28,5
248,"2013-05-31 05:06:28",2013,5,31,5,6,28,6
249,"2017-08-02 03:09:22",2017,8,2,3,9,22,4
250,"2013-08-11 10:38:31",2013,8,11,10,38,31,1
251,"2013-03-15 13:29:52",2013,3,15,13,29,52,6
252,"2014-08-29 17:13:38",2014,8,29,17,13,38,6
253,"2017-12-11 05:05:50",2017,12,11,5,5,50,2
254,"2016-04-20 16:56:43",2016,4,20,16,56,43,4
255,"2012-07-17 14:24:34",2012,7,17,14,24,34,3
256,"2014-11-27 15:14:14",2014,11,27,15,14,14,5
257,"2013-02-08 06:07:33",2013,2,8,6,7,33,6
258,"2013-02-01 14:37:55",2013,2,1,14,37,55,6
259,"2015-04-19 03:29:27",2015,4,19,3,29,27,1
260,"2016-09-09 05:33:28",2016,9,9,5,33,28,6
261,"2015-07-08 11:07:35",2015,7,8,11,7,35,4
262,"2016-11-04 15:29:05",2016,11,4,15,29,5,6
263,"2018-02-10 17:09:43",2018,2,10,17,9,43,7
264,"2014-08-28 02:36:35",2014,8,28,2,36,35,5
265,"2015-11-20 04:06:09",2015,11,20,4,6,9,6
266,"2016-05-04 16:45:32",2016,5,4,16,45,32,4
267,"2014-04-15 14:44:28",2014,4,15,14,44,28,3
268,"2017-01-27 17:24:57",2017,1,27,17,24,57,6
269,"2017-07-05 05:02:06",2017,7,5,5,2,6,4
270,"2014-08-17 04:34:27",2014,8,17,4,34,27,1
271,"2015-09-17 02:54:18",2015,9,17,2,54,18,5
272,"2014-06-16 07:00:36",2014,6,16,7,0,36,2
273,"2014-10-13 13:38:33",2014,10,13,13,38,33,2
274,"2017-09-13 23:47:08",2017,9,13,23,47,8,4
275,"2017-01-26 07:18:32",2017,1,26,7,18,32,5
276,"2015-09-29 02:33:43",2015,9,29,2,33,43,3
277,"2013-06-14 08:03:41",2013,6,14,8,3,41,6
278,"2015-07-27 02:34:56",2015,7,27,2,34,56,2
279,"2015-04-23 12:32:19",2015,4,23,12,32,19,5
280,"2017-10-04 19:35:46",2017,10,4,19,35,46,4
281,"2013-02-09 11:07:07",2013,2,9,11,7,7,7
282,"2015-08-22 18:57:04",2015,8,22,18,57,4,7
283,"2014-11-10 12:31:15",2014,11,10,12,31,15,2
284,"2013-03-16 00:40:31",2013,3,16,0,40,31,7
285,"2012-12-17 00:47:50",2012,12,17,0,47,50,2
286,"2017-11-12 21:38:53",2017,11,12,21,38,53,1
287,"2014-02-14 21:42:57",2014,2,14,21,42,57,6
288,"2013-03-10 19:20:34",2013,3,10,19,20,34,1
289,"2016-02-24 07:23:55",2016,2,24,7,23,55,4
290,"2018-04-03 22:59:01",2018,4,3,22,59,1,3
291,"2015-06-11 20:56:47",2015,6,11,20,56,47,5
292,"2017-11-22 06:40:27",2017,11,22,6,40,27,4
293,"2016-01-28 04:54:15",2016,1,28,4,54,15,5
294,"2017-12-31 17:30:47",2017,12,31,17,30,47,1
295,"2015-12-04 14:33:08",2015,12,4,14,33,8,6
296,"2014-02-27 14:58:09",2014,2,27,14,58,9,5
297,"2014-09-08 17:16:47",2014,9,8,17,16,47,2
298,"2017-03-04 22:32:44",2017,3,4,22,32,44,7
299,"2016-01-31 06:42:58",2016,1,31,6,42,58,1
300,"2014-06-21 16:02:21",2014,6,21,16,2,21,7
301,"2013-04-08 18:26:38",2013,4,8,18,26,38,2
302,"2017-04-01 12:53:31",2017,4,1,12,53,31,7
303,"2012-04-16 22:05:22",2012,4,16,22,5,22,2
304,"2016-01-14 21:50:19",2016,1,14,21,50,19,5
305,"2016-08-18 17:55:48",2016,8,18,17,55,48,5
306,"2017-07-23 05:55:25",2017,7,23,5,55,25,1
307,"2018-01-16 01:40:57",2018,1,16,1,40,57,3
308,"2017-11-30 13:35:10",2017,11,30,13,35,10,5
309,"2013-10-05 10:38:48",2013,10,5,10,38,48,7
310,"2013-03-31 19:05:03",2013,3,31,19,5,3,1
311,"2013-02-19 03:47:23",2013,2,19,3,47,23,3
312,"2012-05-30 20:08:44",2012,5,30,20,8,44,4
313,"2013-12-18 12:59:51",2013,12,18,12,59,51,4
314,"2015-10-27 19:24:34",2015,10,27,19,24,34,3
315,"2015-05-04 11:01:45",2015,5,4,11,1,45,2
316,"2014-12-05 16:34:19",2014,12,5,16,34,19,6
317,"2017-01-14 23:37:45",2017,1,14,23,37,45,7
318,"2017-10-31 15:07:20",2017,10,31,15,7,20,3
319,"2014-07-01 12:55:05",2014,7,1,12,55,5,3
320,"2017-08-25 03:41:25",2017,8,25,3,41,25,6
321,"2014-07-14 01:41:46",2014,7,14,1,41,46,2
322,"2016-02-03 07:43:57",2016,2,3,7,43,57,4
323,"2014-01-15 19:49:37",2014,1,15,19,49,37,4
324,"2017-05-02 23:41:51",2017,5,2,23,41,51,3
325,"2013-08-04 13:56:41",2013,8,4,13,56,41,1
326,"2018-02-17 19:49:04",2018,2,17,19,49,4,7
327,"2012-10-16 08:18:16",2012,10,16,8,18,16,3
328,"2012-06-24 00:04:14",2012,6,24,0,4,14,1
329,"2016-07-07 14:21:19",2016,7,7,14,21,19,5
330,"2016-10-09 20:17:46",2016,10,9,20,17,46,1
331,"2014-06-07 07:05:13",2014,6,7,7,5,13,7
332,"2014-09-24 03:18:41",2014,9,24,3,18,41,4
333,"2015-10-16 14:11:31",2015,10,16,14,11,31,6
334,"2012-05-12 10:31:10",2012,5,12,10,31,10,7
335,"2018-02-16 19:35:49",2018,2,16,19,35,49,6
336,"2014-07-23 03:04:54",2014,7,23,3,4,54,4
337,"2015-09-04 19:46:07",2015,9,4,19,46,7,6
338,"2012-05-28 04:52:07",2012,5,28,4,52,7,2
339,"2017-10-26 02:12:04",2017,10,26,2,12,4,5
340,"2017-10-01 06:35:27",2017,10,1,6,35,27,1
341,"2012-12-04 08:55:20",2012,12,4,8,55,20,3
342,"2014-08-20 14:38:34",2014,8,20,14,38,34,4
343,"2015-10-22 03:31:26",2015,10,22,3,31,26,5
344,"2015-07-10 17:46:42",2015,7,10,17,46,42,6
345,"2018-03-31 23:41:42",2018,3,31,23,41,42,7
346,"2017-06-18 05:46:07",2017,6,18,5,46,7,1
347,"2012-05-29 12:32:31",2012,5,29,12,32,31,3
348,"2015-09-19 02:50:47",2015,9,19,2,50,47,7
349,"2013-06-09 04:00:59",2013,6,9,4,0,59,1
350,"2013-02-18 00:44:44",2013,2,18,0,44,44,2
351,"2016-02-03 08:47:08",2016,2,3,8,47,8,4
352,"2016-10-08 11:18:12",2016,10,8,11,18,12,7
353,"2015-10-10 01:41:46",2015,10,10,1,41,46,7
354,"2017-05-11 14:32:42",2017,5,11,14,32,42,5
355,"2015-05-04 19:20:38",2015,5,4,19,20,38,2
356,"2015-05-18 13:11:42",2015,5,18,13,11,42,2
357,"2016-04-13 13:57:07",2016,4,13,13,57,7,4
358,"2013-03-07 22:39:40",2013,3,7,22,39,40,5
359,"2012-04-25 16:24:10",2012,4,25,16,24,10,4
360,"2014-07-24 09:14:24",2014,7,24,9,14,24,5
361,"2014-03-16 10:00:55",2014,3,16,10,0,55,1
362,"2017-05-11 02:23:16",2017,5,11,2,23,16,5
363,"2016-11-09 08:44:34",2016,11,9,8,44,34,4
364,"2016-05-23 23:53:54",2016,5,23,23,53,54,2
365,"2017-10-22 19:12:28",2017,10,22,19,12,28,1
366,"2013-03-26 15:00:08",2013,3,26,15,0,8,3
367,"2014-02-03 06:31:57",2014,2,3,6,31,57,2
368,"2015-11-12 08:27:05",2015,11,12,8,27,5,5
369,"2016-06-24 23:22:58",2016,6,24,23,22,58,6
370,"2014-01-31 09:18:57",2014,1,31,9,18,57,6
371,"2015-05-09 16:10:03",2015,5,9,16,10,3,7
372,"2016-01-27 20:05:58",2016,1,27,20,5,58,4
373,"2016-02-10 15:37:06",2016,2,10,15,37,6,4
374,"2013-04-21 04:01:18",2013,4,21,4,1,18,1
375,"2015-04-28 09:59:29",2015,4,28,9,59,29,3
376,"2014-01-18 14:26:22",2014,1,18,14,26,22,7
377,"2016-12-07 20:37:16",2016,12,7,20,37,16,4
378,"2015-12-27 08:16:02",2015,12,27,8,16,2,1
379,"2013-01-30 05:07:13",2013,1,30,5,7,13,4
380,"2014-02-14 13:22:03",2014,2,14,13,22,3,6
381,"2014-04-29 11:26:44",2014,4,29,11,26,44,3
382,"2015-02-23 01:34:32",2015,2,23,1,34,32,2
383,"2017-06-21 12:21:53",2017,6,21,12,21,53,4
384,"2016-06-04 21:56:05",2016,6,4,21,56,5,7
385,"2016-04-30 02:58:07",2016,4,30,2,58,7,7
386,"2017-11-13 04:11:52",2017,11,13,4,11,52,2
387,"2017-11-22 00:59:28",2017,11,22,0,59,28,4
388,"2013-09-22 23:08:47",2013,9,22,23,8,47,1
389,"2014-02-08 22:13:40",2014,2,8,22,13,40,7
390,"2013-01-06 12:51:31",2013,1,6,12,51,31,1
391,"2012-12-18 16:49:48",2012,12,18,16,49,48,3
392,"2015-12-03 16:21:23",2015,12,3,16,21,23,5
393,"2014-09-13 01:01:21",2014,9,13,1,1,21,7
394,"2017-03-03 14:15:27",2017,3,3,14,15,27,6
395,"2014-03-13 13:30:00",2014,3,13,13,30,0,5
396,"2015-05-16 21:05:54",2015,5,16,21,5,54,7
397,"2014-03-26 20:30:08",2014,3,26,20,30,8,4
398,"2017-03-15 12:35:43",2017,3,15,12,35,43,4
399,"2013-09-28 08:14:11",2013,9,28,8,14,11,7
400,"2016-08-28 15:22:47",2016,8,28,15,22,47,1
401,"2012-12-01 22:53:27",2012,12,1,22,53,27,7
402,"2012-04-13 00:29:16",2012,4,13,0,29,16,6
403,"2014-07-18 23:18:55",2014,7,18,23,18,55,6
404,"2014-02-12 18:22:59",2014,2,12,18,22,59,4
405,"2016-10-02 09:13:15",2016,10,2,9,13,15,1
406,"2012-10-05 00:33:12",2012,10,5,0,33,12,6
407,"2012-04-23 01:36:32",2012,4,23,1,36,32,2
408,"2014-01-09 10:04:00",2014,1,9,10,4,0,5
409,"2018-03-16 21:30:50",2018,3,16,21,30,50,6
410,"2014-12-08 23:26:50",2014,12,8,23,26,50,2
411,"2017-01-17 22:09:12",2017,1,17,22,9,12,3
412,"2013-09-07 02:50:37",2013,9,7,2,50,37,7
413,"2016-05-01 02:23:56",2016,5,1,2,23,56,1
414,"2013-01-17 00:38:13",2013,1,17,0,38,13,5
415,"2013-01-17 17:45:25",2013,1,17,17,45,25,5
416,"2016-12-13 08:50:54",2016,12,13,8,50,54,3
417,"2017-10-03 11:28:24",2017,10,3,11,28,24,3
418,"2018-02-21 10:02:19",2018,2,21,10,2,19,4
419,"2014-09-15 04:50:37",2014,9,15,4,50,37,2
420,"2016-07-16 07:54:18",2016,7,16,7,54,18,7
421,"2015-09-16 05:10:08",2015,9,16,5,10,8,4
422,"2016-08-08 13:19:12",2016,8,8,13,19,12,2
423,"2013-07-01 12:33:00",2013,7,1,12,33,0,2
424,"2017-04-24 20:46:30",2017,4,24,20,46,30,2
425,"2013-12-30 06:34:27",2013,12,30,6,34,27,2
426,"2016-09-04 08:28:16",2016,9,4,8,28,16,1
427,"2013-05-18 20:14:09",2013,5,18,20,14,9,7
428,"2017-02-02 16:18:08",2017,2,2,16,18,8,5
429,"2012-05-20 17:25:41",2012,5,20,17,25,41,1
430,"2012-08-01 05:16:01",2012,8,1,5,16,1,4
431,"2014-11-22 10:19:41",2014,11,22,10,19,41,7
432,"2014-08-18 16:59:15",2014,8,18,16,59,15,2
433,"2017-01-14 19:52:06",2017,1,14,19,52,6,7
434,"2015-05-30 19:43:50",2015,5,30,19,43,50,7
435,"2014-05-13 14:59:54",2014,5,13,14,59,54,3
436,"2012-06-14 09:34:24",2012,6,14,9,34,24,5
437,"2014-07-15 06:20:02",2014,7,15,6,20,2,3
438,"2017-03-17 12:15:40",2017,3,17,12,15,40,6
439,"2016-11-19 16:33:40",2016,11,19,16,33,40,7
440,"2015-09-26 21:56:17",2015,9,26,21,56,17,7
441,"2014-11-26 11:32:39",2014,11,26,11,32,39,4
442,"2016-12-17 16:41:49",2016,12,17,16,41,49,7
443,"2012-07-05 00:36:07",2012,7,5,0,36,7,5
444,"2016-12-22 13:37:36",2016,12,22,13,37,36,5
445,"2013-05-16 12:57:32",2013,5,16,12,57,32,5
446,"2016-07-01 00:00:53",2016,7,1,0,0,53,6
447,"2013-11-06 20:45:34",2013,11,6,20,45,34,4
448,"2013-05-28 17:39:13",2013,5,28,17,39,13,3
449,"2013-07-30 12:05:06",2013,7,30,12,5,6,3
450,"2015-05-07 05:24:11",2015,5,7,5,24,11,5
451,"2015-06-13 14:49:15",2015,6,13,14,49,15,7
452,"2013-01-30 15:24:31",2013,1,30,15,24,31,4
453,"2017-04-30 02:09:43",2017,4,30,2,9,43,1
454,"2013-12-01 22:04:08",2013,12,1,22,4,8,1
455,"2017-07-13 15:14:06",2017,7,13,15,14,6,5
456,"2015-04-19 04:30:54",2015,4,19,4,30,54,1
457,"2017-08-30 12:36:14",2017,8,30,12,36,14,4
458,"2012-06-19 12:08:34",2012,6,19,12,8,34,3
459,"2015-03-10 03:47:17",2015,3,10,3,47,17,3
460,"2013-01-11 00:24:40",2013,1,11,0,24,40,6
461,"2012-12-13 20:41:31",2012,12,13,20,41,31,5
462,"2015-10-22 16:09:55",2015,10,22,16,9,55,5
463,"2013-10-18 05:28:51",2013,10,18,5,28,51,6
464,"2015-03-02 00:33:14",2015,3,2,0,33,14,2
465,"2013-06-24 01:40:17",2013,6,24,1,40,17,2
466,"2016-05-23 21:27:38",2016,5,23,21,27,38,2
467,"2017-11-08 01:03:15",2017,11,8,1,3,15,4
468,"2015-09-28 14:05:26",2015,9,28,14,5,26,2
469,"2016-03-31 04:56:14",2016,3,31,4,56,14,5
470,"2018-03-14 11:51:21",2018,3,14,11,51,21,4
471,"2013-06-22 03:03:52",2013,6,22,3,3,52,7
472,"2015-01-15 21:50:22",2015,1,15,21,50,22,5
473,"2013-10-26 08:39:16",2013,10,26,8,39,16,7
474,"2017-03-06 09:18:33",2017,3,6,9,18,33,2
475,"2017-05-03 11:27:58",2017,5,3,11,27,58,4
476,"2014-11-23 12:12:33",2014,11,23,12,12,33,1
477,"2013-08-16 15:07:21",2013,8,16,15,7,21,6
478,"2013-07-31 11:40:27",2013,7,31,11,40,27,4
479,"2014-07-02 21:33:28",2014,7,2,21,33,28,4
480,"2017-11-19 20:58:24",2017,11,19,20,58,24,1
481,"2015-04-19 01:51:52",2015,4,19,1,51,52,1
482,"2013-08-23 00:25:11",2013,8,23,0,25,11,6
483,"2012-12-01 23:08:12",2012,12,1,23,8,12,7
484,"2012-11-07 16:32:04",2012,11,7,16,32,4,4
485,"2012-04-22 12:39:30",2012,4,22,12,39,30,1
486,"2015-11-04 20:50:54",2015,11,4,20,50,54,4
487,"2014-10-05 07:02:11",2014,10,5,7,2,11,1
488,"2012-10-05 18:07:14",2012,10,5,18,7,14,6
489,"2014-05-19 06:53:57",2014,5,19,6,53,57,2
490,"2013-05-08 07:38:07",2013,5,8,7,38,7,4
491,"2014-08-31 22:33:44",2014,8,31,22,33,44,1
492,"2013-12-16 13:19:20",2013,12,16,13,19,20,2
493,"2014-01-19 18:02:11",2014,1,19,18,2,11,1
494,"2014-04-06 03:15:17",2014,4,6,3,15,17,1
495,"2017-07-17 15:13:04",2017,7,17,15,13,4,2
496,"2012-09-17 20:55:05",2012,9,17,20,55,5,2
497,"2017-01-10 05:03:17",2017,1,10,5,3,17,3
498,"2017-03-13 10:40:49",2017,3,13,10,40,49,2
499,"2015-09-07 10:07:21",2015,9,7,10,7,21,2
500,"2017-03-12 07:59:14",2017,3,12,7,59,14,1
501,"2015-12-30 16:22:18",2015,12,30,16,22,18,4
502,"2017-03-17 22:28:23",2017,3,17,22,28,23,6
503,"2013-10-30 14:08:21",2013,10,30,14,8,21,4
504,"2017-11-09 04:14:26",2017,11,9,4,14,26,5
505,"2013-01-16 09:54:13",2013,1,16,9,54,13,4
506,"2013-04-22 02:39:01",2013,4,22,2,39,1,2
507,"2012-05-06 12:20:00",2012,5,6,12,20,0,1
508,"2017-12-14 05:07:16",2017,12,14,5,7,16,5
509,"2017-01-20 12:58:43",2017,1,20,12,58,43,6
510,"2015-09-21 16:32:12",2015,9,21,16,32,12,2
511,"2015-12-20 10:54:31",2015,12,20,10,54,31,1
512,"2012-07-07 11:49:30",2012,7,7,11,49,30,7
513,"2015-01-21 04:07:52",2015,1,21,4,7,52,4
514,"2017-03-20 03:00:18",2017,3,20,3,0,18,2
515,"2015-07-02 04:46:44",2015,7,2,4,46,44,5
516,"2016-12-30 03:24:55",2016,12,30,3,24,55,6
517,"2015-02-28 12:13:27",2015,2,28,12,13,27,7
518,"2013-11-23 08:10:30",2013,11,23,8,10,30,7
519,"2016-01-12 11:11:59",2016,1,12,11,11,59,3
520,"2013-04-28 16:36:28",2013,4,28,16,36,28,1
521,"2016-10-01 09:55:20",2016,10,1,9,55,20,7
522,"2017-08-06 20:37:21",2017,8,6,20,37,21,1
523,"2017-05-28 10:22:17",2017,5,28,10,22,17,1
524,"2014-08-17 16:48:33",2014,8,17,16,48,33,1
525,"2014-01-20 17:25:05",2014,1,20,17,25,5,2
526,"2016-06-13 02:53:28",2016,6,13,2,53,28,2
527,"2013-10-29 17:06:41",2013,10,29,17,6,41,3
528,"2012-05-03 00:52:47",2012,5,3,0,52,47,5
529,"2015-08-12 02:58:16",2015,8,12,2,58,16,4
530,"2015-05-20 04:02:07",2015,5,20,4,2,7,4
531,"2015-05-30 18:32:05",2015,5,30,18,32,5,7
532,"2013-09-17 08:15:29",2013,9,17,8,15,29,3
533,"2017-11-26 01:35:42",2017,11,26,1,35,42,1
534,"2015-09-28 10:05:01",2015,9,28,10,5,1,2
535,"2014-06-08 07:29:06",2014,6,8,7,29,6,1
536,"2013-03-19 17:59:02",2013,3,19,17,59,2,3
537,"2015-10-17 09:15:41",2015,10,17,9,15,41,7
538,"2017-03-22 11:38:22",2017,3,22,11,38,22,4
539,"2014-12-04 21:33:13",2014,12,4,21,33,13,5
540,"2015-12-08 19:19:59",2015,12,8,19,19,59,3
541,"2015-08-11 10:40:23",2015,8,11,10,40,23,3
542,"2012-05-10 09:02:12",2012,5,10,9,2,12,5
543,"2017-10-20 21:24:27",2017,10,20,21,24,27,6
544,"2018-02-13 19:07:06",2018,2,13,19,7,6,3
545,"2012-10-30 02:46:01",2012,10,30,2,46,1,3
546,"2013-05-26 15:41:26",2013,5,26,15,41,26,1
547,"2012-07-04 06:57:19",2012,7,4,6,57,19,4
548,"2017-09-03 23:49:16",2017,9,3,23,49,16,1
549,"2016-04-27 03:03:39",2016,4,27,3,3,39,4
550,"2013-06-30 18:32:18",2013,6,30,18,32,18,1
551,"2016-09-12 21:13:28",2016,9,12,21,13,28,2
552,"2015-08-13 20:11:47",2015,8,13,20,11,47,5
553,"2017-05-02 15:30:44",2017,5,2,15,30,44,3
554,"2013-08-30 09:28:56",2013,8,30,9,28,56,6
555,"2014-03-18 23:49:55",2014,3,18,23,49,55,3
556,"2017-08-19 15:44:02",2017,8,19,15,44,2,7
557,"2016-04-25 01:30:13",2016,4,25,1,30,13,2
558,"2014-03-17 07:24:47",2014,3,17,7,24,47,2
559,"2013-04-06 07:57:20",2013,4,6,7,57,20,7
560,"2014-12-28 01:47:46",2014,12,28,1,47,46,1
561,"2014-09-12 10:20:38",2014,9,12,10,20,38,6
562,"2018-02-19 17:38:31",2018,2,19,17,38,31,2
563,"2013-08-02 09:46:27",2013,8,2,9,46,27,6
564,"2014-09-11 23:30:48",2014,9,11,23,30,48,5
565,"2013-01-16 09:17:43",2013,1,16,9,17,43,4
566,"2017-08-24 11:51:58",2017,8,24,11,51,58,5
567,"2015-07-09 05:29:41",2015,7,9,5,29,41,5
568,"2015-09-13 20:38:08",2015,9,13,20,38,8,1
569,"2015-03-05 17:55:26",2015,3,5,17,55,26,5
570,"2013-01-06 20:48:24",2013,1,6,20,48,24,1
571,"2013-06-13 00:30:22",2013,6,13,0,30,22,5
572,"2012-10-11 21:58:34",2012,10,11,21,58,34,5
573,"2015-02-28 06:13:01",2015,2,28,6,13,1,7
574,"2013-02-06 06:40:23",2013,2,6,6,40,23,4
575,"2018-01-20 07:43:22",2018,1,20,7,43,22,7
576,"2017-12-19 13:08:56",2017,12,19,13,8,56,3
577,"2013-10-26 05:35:46",2013,10,26,5,35,46,7
578,"2017-12-21 13:19:55",2017,12,21,13,19,55,5
579,"2014-12-01 17:27:11",2014,12,1,17,27,11,2
580,"2013-09-20 09:57:14",2013,9,20,9,57,14,6
581,"2013-03-30 08:55:46",2013,3,30,8,55,46,7
582,"2013-01-07 04:25:27",2013,1,7,4,25,27,2
583,"2017-06-11 16:43:51",2017,6,11,16,43,51,1
584,"2018-02-21 19:11:15",2018,2,21,19,11,15,4
585,"2016-08-09 19:51:20",2016,8,9,19,51,20,3
586,"2014-08-30 10:16:49",2014,8,30,10,16,49,7
587,"2012-11-05 09:05:53",2012,11,5,9,5,53,2
588,"2013-08-11 04:48:11",2013,8,11,4,48,11,1
589,"2017-12-21 11:57:38",2017,12,21,11,57,38,5
590,"2014-05-28 16:26:22",2014,5,28,16,26,22,4
591,"2014-01-28 07:39:21",2014,1,28,7,39,21,3
592,"2017-10-19 12:17:41",2017,10,19,12,17,41,5
593,"2016-02-27 23:31:08",2016,2,27,23,31,8,7
594,"2015-07-27 07:47:46",2015,7,27,7,47,46,2
595,"2013-08-19 22:35:23",2013,8,19,22,35,23,2
596,"2014-12-23 16:06:21",2014,12,23,16,6,21,3
597,"2015-04-11 23:53:42",2015,4,11,23,53,42,7
598,"2014-11-30 11:02:03",2014,11,30,11,2,3,1
599,"2013-10-19 19:00:16",2013,10,19,19,0,16,7
600,"2013-02-11 13:54:19",2013,2,11,13,54,19,2
601,"2012-07-09 15:12:20",2012,7,9,15,12,20,2
602,"2015-12-17 23:17:12",2015,12,17,23,17,12,5
603,"2016-12-29 00:03:45",2016,12,29,0,3,45,5
604,"2015-06-17 07:30:25",2015,6,17,7,30,25,4
605,"2014-02-04 06:54:23",2014,2,4,6,54,23,3
606,"2015-01-09 02:31:48",2015,1,9,2,31,48,6
607,"2017-01-22 06:26:03",2017,1,22,6,26,3,1
608,"2012-06-13 06:00:46",2012,6,13,6,0,46,4
609,"2016-02-07 10:36:38",2016,2,7,10,36,38,1
610,"2016-11-17 10:36:13",2016,11,17,10,36,13,5
611,"2013-07-19 22:20:40",2013,7,19,22,20,40,6
612,"2016-01-25 01:46:02",2016,1,25,1,46,2,2
613,"2017-11-30 14:37:07",2017,11,30,14,37,7,5
614,"2012-11-22 08:42:16",2012,11,22,8,42,16,5
615,"2017-10-24 05:08:17",2017,10,24,5,8,17,3
616,"2012-06-09 07:04:06",2012,6,9,7,4,6,7
617,"2013-12-28 10:23:22",2013,12,28,10,23,22,7
618,"2017-03-14 01:08:03",2017,3,14,1,8,3,3
619,"2013-07-28 09:08:04",2013,7,28,9,8,4,1
620,"2016-07-23 05:59:41",2016,7,23,5,59,41,7
621,"2012-12-05 04:26:06",2012,12,5,4,26,6,4
622,"2018-02-28 17:06:59",2018,2,28,17,6,59,4
623,"2013-07-11 17:24:57",2013,7,11,17,24,57,5
624,"2015-06-11 11:08:37",2015,6,11,11,8,37,5
625,"2012-10-13 20:43:59",2012,10,13,20,43,59,7
626,"2014-06-24 05:15:21",2014,6,24,5,15,21,3
627,"2017-10-12 22:10:06",2017,10,12,22,10,6,5
628,"2017-07-06 09:38:33",2017,7,6,9,38,33,5
629,"2012-08-06 17:00:28",2012,8,6,17,0,28,2
630,"2014-06-04 09:32:43",2014,6,4,9,32,43,4
631,"2013-09-17 18:44:49",2013,9,17,18,44,49,3
632,"2014-11-06 09:01:55",2014,11,6,9,1,55,5
633,"2018-03-09 16:56:55",2018,3,9,16,56,55,6
634,"2015-02-23 19:01:41",2015,2,23,19,1,41,2
635,"2015-09-04 17:22:40",2015,9,4,17,22,40,6
636,"2014-05-11 23:57:17",2014,5,11,23,57,17,1
637,"2012-11-13 06:29:56",2012,11,13,6,29,56,3
638,"2013-10-06 08:31:56",2013,10,6,8,31,56,1
639,"2017-01-10 16:38:22",2017,1,10,16,38,22,3
640,"2014-09-08 08:14:14",2014,9,8,8,14,14,2
641,"2012-05-14 14:20:50",2012,5,14,14,20,50,2
642,"2014-07-25 00:42:14",2014,7,25,0,42,14,6
643,"2017-05-12 13:06:01",2017,5,12,13,6,1,6
644,"2015-12-01 16:38:08",2015,12,1,16,38,8,3
645,"2013-12-11 14:48:07",2013,12,11,14,48,7,4
646,"2016-11-28 12:50:30",2016,11,28,12,50,30,2
647,"2013-04-22 11:37:24",2013,4,22,11,37,24,2
648,"2016-08-16 09:43:08",2016,8,16,9,43,8,3
649,"2017-02-25 21:21:02",2017,2,25,21,21,2,7
650,"2013-07-20 16:04:36",2013,7,20,16,4,36,7
651,"2012-12-28 02:23:41",2012,12,28,2,23,41,6
652,"2015-08-04 05:37:03",2015,8,4,5,37,3,3
653,"2017-12-09 15:07:48",2017,12,9,15,7,48,7
654,"2015-05-19 13:00:11",2015,5,19,13,0,11,3
655,"2016-12-12 10:18:17",2016,12,12,10,18,17,2
656,"2014-04-03 21:09:05",2014,4,3,21,9,5,5
657,"2014-12-21 12:39:50",2014,12,21,12,39,50,1
658,"2014-09-02 02:07:14",2014,9,2,2,7,14,3
659,"2015-05-19 11:12:43",2015,5,19,11,12,43,3
660,"2015-08-25 07:37:52",2015,8,25,7,37,52,3
661,"2016-01-10 15:00:49",2016,1,10,15,0,49,1
662,"2013-03-18 18:01:52",2013,3,18,18,1,52,2
663,"2014-05-14 07:32:09",2014,5,14,7,32,9,4
664,"2012-05-09 02:31:01",2012,5,9,2,31,1,4
665,"2018-02-14 01:03:56",2018,2,14,1,3,56,4
666,"2013-10-10 03:44:11",2013,10,10,3,44,11,5
667,"2012-10-21 07:37:27",2012,10,21,7,37,27,1
668,"2016-05-02 00:27:12",2016,5,2,0,27,12,2
669,"2013-08-27 06:38:51",2013,8,27,6,38,51,3
670,"2015-07-20 06:49:56",2015,7,20,6,49,56,2
671,"2012-11-05 16:39:22",2012,11,5,16,39,22,2
672,"2015-04-15 12:34:38",2015,4,15,12,34,38,4
673,"2013-07-28 00:12:27",2013,7,28,0,12,27,1
674,"2016-06-09 07:49:46",2016,6,9,7,49,46,5
675,"2012-08-02 14:45:08",2012,8,2,14,45,8,5
676,"2017-09-02 22:52:32",2017,9,2,22,52,32,7
677,"2013-10-23 22:48:36",2013,10,23,22,48,36,4
678,"2015-01-13 01:29:56",2015,1,13,1,29,56,3
679,"2012-08-01 13:11:05",2012,8,1,13,11,5,4
680,"2013-12-18 22:50:58",2013,12,18,22,50,58,4
681,"2016-10-19 19:27:29",2016,10,19,19,27,29,4
682,"2012-11-09 13:45:20",2012,11,9,13,45,20,6
683,"2014-05-26 14:21:05",2014,5,26,14,21,5,2
684,"2014-02-23 16:17:22",2014,2,23,16,17,22,1
685,"2013-03-04 08:30:25",2013,3,4,8,30,25,2
686,"2014-05-22 00:13:12",2014,5,22,0,13,12,5
687,"2013-03-26 15:27:46",2013,3,26,15,27,46,3
688,"2018-03-22 02:29:54",2018,3,22,2,29,54,5
689,"2015-03-18 12:29:05",2015,3,18,12,29,5,4
690,"2012-12-12 07:09:54",2012,12,12,7,9,54,4
691,"2018-02-27 20:56:42",2018,2,27,20,56,42,3
692,"2015-07-23 15:53:01",2015,7,23,15,53,1,5
693,"2013-03-27 02:30:25",2013,3,27,2,30,25,4
694,"2013-06-17 22:29:07",2013,6,17,22,29,7,2
695,"2017-02-01 04:11:25",2017,2,1,4,11,25,4
696,"2016-01-08 08:16:30",2016,1,8,8,16,30,6
697,"2017-12-12 19:49:16",2017,12,12,19,49,16,3
698,"2017-04-10 06:51:35",2017,4,10,6,51,35,2
699,"2015-02-21 13:25:36",2015,2,21,13,25,36,7
700,"2013-04-03 23:34:49",2013,4,3,23,34,49,4
701,"2014-03-26 03:23:25",2014,3,26,3,23,25,4
702,"2017-11-07 01:07:55",2017,11,7,1,7,55,3
703,"2016-09-16 07:07:34",2016,9,16,7,7,34,6
704,"2014-02-27 19:31:41",2014,2,27,19,31,41,5
705,"2015-07-26 06:00:29",2015,7,26,6,0,29,1
706,"2015-02-19 11:51:21",2015,2,19,11,51,21,5
707,"2014-01-06 09:09:39",2014,1,6,9,9,39,2
708,"2012-12-10 00:25:16",2012,12,10,0,25,16,2
709,"2012-09-26 02:36:39",2012,9,26,2,36,39,4
710,"2014-08-12 12:01:25",2014,8,12,12,1,25,3
711,"2014-08-12 13:24:59",2014,8,12,13,24,59,3
712,"2013-03-05 20:39:42",2013,3,5,20,39,42,3
713,"2013-10-14 13:33:39",2013,10,14,13,33,39,2
714,"2017-09-29 15:46:45",2017,9,29,15,46,45,6
715,"2013-07-16 01:51:26",2013,7,16,1,51,26,3
716,"2012-12-12 20:57:15",2012,12,12,20,57,15,4
717,"2015-01-29 09:07:55",2015,1,29,9,7,55,5
718,"2014-01-05 05:57:09",2014,1,5,5,57,9,1
719,"2017-11-11 05:40:40",2017,11,11,5,40,40,7
720,"2015-02-20 03:01:27",2015,2,20,3,1,27,6
721,"2013-09-28 17:58:02",2013,9,28,17,58,2,7
722,"2013-10-13 21:00:00",2013,10,13,21,0,0,1
723,"2013-12-25 18:46:45",2013,12,25,18,46,45,4
724,"2017-09-22 23:58:02",2017,9,22,23,58,2,6
725,"2014-02-16 21:42:22",2014,2,16,21,42,22,1
726,"2012-05-08 00:39:31",2012,5,8,0,39,31,3
727,"2013-05-20 01:00:25",2013,5,20,1,0,25,2
728,"2016-01-12 17:03:28",2016,1,12,17,3,28,3
729,"2016-09-01 11:34:06",2016,9,1,11,34,6,5
730,"2017-12-17 13:39:30",2017,12,17,13,39,30,1
731,"2015-09-23 15:01:25",2015,9,23,15,1,25,4
732,"2018-03-27 18:17:46",2018,3,27,18,17,46,3
733,"2016-02-26 06:14:08",2016,2,26,6,14,8,6
734,"2015-04-27 20:22:37",2015,4,27,20,22,37,2
735,"2014-02-23 03:54:22",2014,2,23,3,54,22,1
736,"2017-07-24 11:02:44",2017,7,24,11,2,44,2
737,"2017-12-07 10:42:17",2017,12,7,10,42,17,5
738,"2015-11-19 08:43:29",2015,11,19,8,43,29,5
739,"2015-05-14 05:03:46",2015,5,14,5,3,46,5
740,"2016-05-23 18:13:46",2016,5,23,18,13,46,2
741,"2015-08-07 13:20:25",2015,8,7,13,20,25,6
742,"2014-07-17 13:33:22",2014,7,17,13,33,22,5
743,"2015-04-25 17:12:48",2015,4,25,17,12,48,7
744,"2012-12-30 22:57:13",2012,12,30,22,57,13,1
745,"2017-08-02 03:41:25",2017,8,2,3,41,25,4
746,"2015-04-28 20:09:43",2015,4,28,20,9,43,3
747,"2015-10-14 11:10:39",2015,10,14,11,10,39,4
748,"2015-01-13 02:35:01",2015,1,13,2,35,1,3
749,"2017-06-06 18:05:06",2017,6,6,18,5,6,3
750,"2012-05-03 22:27:29",2012,5,3,22,27,29,5
751,"2014-01-03 00:33:42",2014,1,3,0,33,42,6
752,"2015-08-10 08:24:29",2015,8,10,8,24,29,2
753,"2014-07-08 09:01:58",2014,7,8,9,1,58,3
754,"2017-10-14 11:58:34",2017,10,14,11,58,34,7
755,"2015-05-11 22:24:27",2015,5,11,22,24,27,2
756,"2014-01-13 15:38:33",2014,1,13,15,38,33,2
757,"2012-07-29 19:01:19",2012,7,29,19,1,19,1
758,"2017-08-14 05:50:07",2017,8,14,5,50,7,2
759,"2018-01-19 08:00:32",2018,1,19,8,0,32,6
760,"2015-10-10 12:46:46",2015,10,10,12,46,46,7
761,"2013-10-25 18:46:59",2013,10,25,18,46,59,6
762,"2017-10-05 23:45:23",2017,10,5,23,45,23,5
763,"2014-02-07 11:12:16",2014,2,7,11,12,16,6
764,"2017-01-18 06:58:48",2017,1,18,6,58,48,4
765,"2017-05-17 22:13:33",2017,5,17,22,13,33,4
766,"2017-07-27 12:24:14",2017,7,27,12,24,14,5
767,"2013-10-20 08:51:19",2013,10,20,8,51,19,1
768,"2015-06-25 11:25:08",2015,6,25,11,25,8,5
769,"2015-11-03 02:00:39",2015,11,3,2,0,39,3
770,"2016-12-23 06:26:27",2016,12,23,6,26,27,6
771,"2017-05-31 05:32:42",2017,5,31,5,32,42,4
772,"2016-07-11 04:47:44",2016,7,11,4,47,44,2
773,"2012-11-05 02:41:37",2012,11,5,2,41,37,2
774,"2018-02-06 20:07:59",2018,2,6,20,7,59,3
775,"2016-09-30 09:43:17",2016,9,30,9,43,17,6
776,"2018-01-27 00:47:48",2018,1,27,0,47,48,7
777,"2017-09-27 17:56:38",2017,9,27,17,56,38,4
778,"2016-04-19 21:30:50",2016,4,19,21,30,50,3
779,"2013-11-29 11:21:05",2013,11,29,11,21,5,6
780,"2017-03-28 12:59:07",2017,3,28,12,59,7,3
781,"2013-12-10 19:02:53",2013,12,10,19,2,53,3
782,"2017-08-20 14:39:17",2017,8,20,14,39,17,1
783,"2013-11-02 19:08:49",2013,11,2,19,8,49,7
784,"2016-12-11 13:04:49",2016,12,11,13,4,49,1
785,"2017-10-14 18:00:45",2017,10,14,18,0,45,7
786,"2014-04-11 16:26:34",2014,4,11,16,26,34,6
787,"2017-09-14 15:15:34",2017,9,14,15,15,34,5
788,"2013-02-12 10:20:06",2013,2,12,10,20,6,3
789,"2017-12-20 08:59:23",2017,12,20,8,59,23,4
790,"2013-09-15 02:29:49",2013,9,15,2,29,49,1
791,"2017-03-07 23:53:32",2017,3,7,23,53,32,3
792,"2017-11-14 08:48:27",2017,11,14,8,48,27,3
793,"2015-08-08 07:31:58",2015,8,8,7,31,58,7
794,"2013-12-15 09:57:08",2013,12,15,9,57,8,1
795,"2014-06-23 22:23:11",2014,6,23,22,23,11,2
796,"2017-03-16 04:21:16",2017,3,16,4,21,16,5
797,"2013-08-13 15:25:06",2013,8,13,15,25,6,3
798,"2015-09-14 01:38:31",2015,9,14,1,38,31,2
799,"2018-01-08 17:46:14",2018,1,8,17,46,14,2
800,"2015-02-19 16:00:00",2015,2,19,16,0,0,5
801,"2014-11-12 08:22:49",2014,11,12,8,22,49,4
802,"2017-04-22 23:36:31",2017,4,22,23,36,31,7
803,"2015-01-22 01:32:50",2015,1,22,1,32,50,5
804,"2013-02-06 02:38:31",2013,2,6,2,38,31,4
805,"2016-07-10 08:56:34",2016,7,10,8,56,34,1
806,"2017-09-23 17:15:56",2017,9,23,17,15,56,7
807,"2017-04-17 05:13:37",2017,4,17,5,13,37,2
808,"2016-01-01 20:32:15",2016,1,1,20,32,15,6
809,"2016-06-10 02:17:51",2016,6,10,2,17,51,6
810,"2014-06-17 21:18:41",2014,6,17,21,18,41,3
811,"2013-03-04 00:51:00",2013,3,4,0,51,0,2
812,"2016-09-20 19:45:08",2016,9,20,19,45,8,3
813,"2013-08-04 00:54:43",2013,8,4,0,54,43,1
814,"2016-01-14 19:29:42",2016,1,14,19,29,42,5
815,"2014-06-05 16:28:38",2014,6,5,16,28,38,5
816,"2016-01-12 11:10:46",2016,1,12,11,10,46,3
817,"2013-01-23 19:53:02",2013,1,23,19,53,2,4
818,"2012-09-09 02:00:49",2012,9,9,2,0,49,1
819,"2017-08-20 04:27:30",2017,8,20,4,27,30,1
820,"2016-03-03 18:41:44",2016,3,3,18,41,44,5
821,"2013-12-19 14:20:55",2013,12,19,14,20,55,5
822,"2013-11-10 00:23:56",2013,11,10,0,23,56,1
823,"2015-10-10 22:55:38",2015,10,10,22,55,38,7
824,"2013-11-27 12:06:38",2013,11,27,12,6,38,4
825,"2013-03-28 09:58:54",2013,3,28,9,58,54,5
826,"2016-07-24 20:15:40",2016,7,24,20,15,40,1
827,"2013-08-13 21:15:55",2013,8,13,21,15,55,3
828,"2017-04-26 02:40:16",2017,4,26,2,40,16,4
829,"2016-05-18 14:08:11",2016,5,18,14,8,11,4
830,"2012-09-29 22:30:41",2012,9,29,22,30,41,7
831,"2014-06-07 13:50:22",2014,6,7,13,50,22,7
832,"2013-10-07 11:17:41",2013,10,7,11,17,41,2
833,"2012-12-12 14:53:41",2012,12,12,14,53,41,4
834,"2016-09-04 19:02:39",2016,9,4,19,2,39,1
835,"2012-11-29 00:56:16",2012,11,29,0,56,16,5
836,"2017-02-23 01:50:36",2017,2,23,1,50,36,5
837,"2016-06-09 18:22:48",2016,6,9,18,22,48,5
838,"2014-02-25 15:38:00",2014,2,25,15,38,0,3
839,"2016-03-08 23:24:51",2016,3,8,23,24,51,3
840,"2015-05-19 14:18:26",2015,5,19,14,18,26,3
841,"2016-09-30 17:54:40",2016,9,30,17,54,40,6
842,"2013-04-25 13:37:44",2013,4,25,13,37,44,5
843,"2012-05-04 09:10:16",2012,5,4,9,10,16,6
844,"2015-10-30 14:41:22",2015,10,30,14,41,22,6
845,"2014-01-08 08:39:39",2014,1,8,8,39,39,4
846,"2015-01-27 00:54:41",2015,1,27,0,54,41,3
847,"2017-07-27 02:05:10",2017,7,27,2,5,10,5
848,"2014-08-08 10:15:35",2014,8,8,10,15,35,6
849,"2013-03-04 03:15:22",2013,3,4,3,15,22,2
850,"2016-08-09 14:57:04",2016,8,9,14,57,4,3
851,"2013-03-21 05:49:17",2013,3,21,5,49,17,5
852,"2015-05-27 17:17:38",2015,5,27,17,17,38,4
853,"2013-03-07 21:11:33",2013,3,7,21,11,33,5
854,"2013-09-11 07:18:59",2013,9,11,7,18,59,4
855,"2016-11-21 01:20:09",2016,11,21,1,20,9,2
856,"2018-03-24 09:27:18",2018,3,24,9,27,18,7
857,"2016-05-02 20:27:27",2016,5,2,20,27,27,2
858,"2015-04-30 06:37:00",2015,4,30,6,37,0,5
859,"2016-03-29 06:44:14",2016,3,29,6,44,14,3
860,"2013-06-06 20:22:51",2013,6,6,20,22,51,5
861,"2016-12-16 08:27:14",2016,12,16,8,27,14,6
862,"2014-09-08 22:32:21",2014,9,8,22,32,21,2
863,"2014-06-02 02:02:39",2014,6,2,2,2,39,2
864,"2014-10-20 05:14:08",2014,10,20,5,14,8,2
865,"2012-05-01 06:20:10",2012,5,1,6,20,10,3
866,"2017-04-27 10:29:27",2017,4,27,10,29,27,5
867,"2016-03-08 00:04:53",2016,3,8,0,4,53,3
868,"2013-06-26 13:50:36",2013,6,26,13,50,36,4
869,"2014-01-07 07:37:17",2014,1,7,7,37,17,3
870,"2012-12-05 14:12:06",2012,12,5,14,12,6,4
871,"2013-04-25 07:28:56",2013,4,25,7,28,56,5
872,"2013-10-26 17:50:25",2013,10,26,17,50,25,7
873,"2015-09-12 13:37:31",2015,9,12,13,37,31,7
874,"2014-03-29 00:41:12",2014,3,29,0,41,12,7
875,"2016-05-17 11:53:46",2016,5,17,11,53,46,3
876,"2017-10-08 18:09:39",2017,10,8,18,9,39,1
877,"2015-01-18 23:36:53",2015,1,18,23,36,53,1
878,"2013-06-14 04:51:00",2013,6,14,4,51,0,6
879,"2016-01-26 19:41:02",2016,1,26,19,41,2,3
880,"2013-06-10 07:57:12",2013,6,10,7,57,12,2
881,"2013-06-16 13:09:27",2013,6,16,13,9,27,1
882,"2016-03-17 20:34:41",2016,3,17,20,34,41,5
883,"2013-12-24 19:35:11",2013,12,24,19,35,11,3
884,"2016-03-22 12:48:19",2016,3,22,12,48,19,3
885,"2016-10-16 19:47:44",2016,10,16,19,47,44,1
886,"2016-11-30 18:37:41",2016,11,30,18,37,41,4
887,"2017-06-05 20:08:34",2017,6,5,20,8,34,2
888,"2013-02-02 19:53:33",2013,2,2,19,53,33,7
889,"2013-11-27 08:54:15",2013,11,27,8,54,15,4
890,"2016-06-22 21:31:07",2016,6,22,21,31,7,4
891,"2012-10-28 17:09:47",2012,10,28,17,9,47,1
892,"2015-11-12 13:13:47",2015,11,12,13,13,47,5
893,"2016-01-03 12:06:06",2016,1,3,12,6,6,1
894,"2013-06-16 13:35:25",2013,6,16,13,35,25,1
895,"2014-07-31 00:09:02",2014,7,31,0,9,2,5
896,"2016-10-25 12:22:02",2016,10,25,12,22,2,3
897,"2012-05-10 00:51:15",2012,5,10,0,51,15,5
898,"2015-08-22 01:53:33",2015,8,22,1,53,33,7
899,"2015-07-25 20:10:50",2015,7,25,20,10,50,7
900,"2013-01-22 15:52:18",2013,1,22,15,52,18,3
901,"2017-04-29 07:29:51",2017,4,29,7,29,51,7
902,"2012-10-14 11:30:47",2012,10,14,11,30,47,1
903,"2014-02-23 21:58:25",2014,2,23,21,58,25,1
904,"2012-12-06 20:23:07",2012,12,6,20,23,7,5
905,"2016-01-14 06:02:57",2016,1,14,6,2,57,5
906,"2013-02-17 22:19:23",2013,2,17,22,19,23,1
907,"2016-07-09 14:19:19",2016,7,9,14,19,19,7
908,"2012-06-06 19:20:28",2012,6,6,19,20,28,4
909,"2017-02-14 18:39:33",2017,2,14,18,39,33,3
910,"2017-08-18 17:05:48",2017,8,18,17,5,48,6
911,"2013-11-06 13:14:41",2013,11,6,13,14,41,4
912,"2018-01-12 14:13:00",2018,1,12,14,13,0,6
913,"2015-12-21 10:19:15",2015,12,21,10,19,15,2
914,"2012-11-27 18:27:07",2012,11,27,18,27,7,3
915,"2016-08-11 13:58:52",2016,8,11,13,58,52,5
916,"2015-12-20 11:48:17",2015,12,20,11,48,17,1
917,"2017-07-25 00:53:12",2017,7,25,0,53,12,3
918,"2013-08-25 02:06:56",2013,8,25,2,6,56,1
919,"2012-10-30 09:47:10",2012,10,30,9,47,10,3
920,"2015-12-01 01:59:29",2015,12,1,1,59,29,3
921,"2017-08-03 15:48:48",2017,8,3,15,48,48,5
922,"2014-09-09 05:07:45",2014,9,9,5,7,45,3
923,"2013-07-20 12:52:22",2013,7,20,12,52,22,7
924,"2016-04-29 15:10:04",2016,4,29,15,10,4,6
925,"2016-02-10 12:12:58",2016,2,10,12,12,58,4
926,"2014-05-22 13:28:21",2014,5,22,13,28,21,5
927,"2013-09-13 23:18:38",2013,9,13,23,18,38,6
928,"2013-01-03 23:18:52",2013,1,3,23,18,52,5
929,"2016-10-04 06:16:12",2016,10,4,6,16,12,3
930,"2013-09-30 06:36:09",2013,9,30,6,36,9,2
931,"2014-05-07 21:17:29",2014,5,7,21,17,29,4
932,"2017-06-24 21:20:29",2017,6,24,21,20,29,7
933,"2018-01-09 14:20:53",2018,1,9,14,20,53,3
934,"2013-01-05 00:13:26",2013,1,5,0,13,26,7
935,"2017-03-25 21:55:35",2017,3,25,21,55,35,7
936,"2015-11-26 11:18:30",2015,11,26,11,18,30,5
937,"2014-04-17 23:24:18",2014,4,17,23,24,18,5
938,"2013-07-24 20:11:48",2013,7,24,20,11,48,4
939,"2015-11-10 18:42:36",2015,11,10,18,42,36,3
940,"2015-11-08 14:54:40",2015,11,8,14,54,40,1
941,"2017-03-13 11:42:51",2017,3,13,11,42,51,2
942,"2012-05-02 14:33:32",2012,5,2,14,33,32,4
943,"2013-03-11 01:07:22",2013,3,11,1,7,22,2
944,"2014-08-23 07:05:39",2014,8,23,7,5,39,7
945,"2013-01-02 21:46:48",2013,1,2,21,46,48,4
946,"2016-04-10 08:32:39",2016,4,10,8,32,39,1
947,"2016-12-19 07:45:07",2016,12,19,7,45,7,2
948,"2015-10-17 04:48:21",2015,10,17,4,48,21,7
949,"2013-11-28 21:39:00",2013,11,28,21,39,0,5
950,"2014-08-08 14:40:55",2014,8,8,14,40,55,6
951,"2016-11-02 22:45:22",2016,11,2,22,45,22,4
952,"2017-11-23 23:16:16",2017,11,23,23,16,16,5
953,"2017-04-24 11:08:58",2017,4,24,11,8,58,2
954,"2014-07-10 11:41:40",2014,7,10,11,41,40,5
955,"2017-08-20 16:32:27",2017,8,20,16,32,27,1
956,"2012-05-21 10:39:24",2012,5,21,10,39,24,2
957,"2012-06-27 08:52:03",2012,6,27,8,52,3,4
958,"2013-11-11 05:28:46",2013,11,11,5,28,46,2
959,"2014-12-23 04:13:38",2014,12,23,4,13,38,3
960,"2016-08-02 11:22:31",2016,8,2,11,22,31,3
961,"2013-12-16 21:07:52",2013,12,16,21,7,52,2
962,"2012-08-15 03:35:07",2012,8,15,3,35,7,4
963,"2017-03-10 16:17:40",2017,3,10,16,17,40,6
964,"2015-06-30 02:02:28",2015,6,30,2,2,28,3
965,"2016-05-21 23:57:58",2016,5,21,23,57,58,7
966,"2012-04-28 05:35:22",2012,4,28,5,35,22,7
967,"2016-12-30 07:10:53",2016,12,30,7,10,53,6
968,"2015-03-18 23:20:36",2015,3,18,23,20,36,4
969,"2012-07-20 09:44:22",2012,7,20,9,44,22,6
970,"2015-02-03 07:18:52",2015,2,3,7,18,52,3
971,"2017-04-24 07:03:46",2017,4,24,7,3,46,2
972,"2013-08-27 17:28:33",2013,8,27,17,28,33,3
973,"2013-07-04 05:15:21",2013,7,4,5,15,21,5
974,"2013-02-12 23:12:33",2013,2,12,23,12,33,3
975,"2016-07-21 10:55:55",2016,7,21,10,55,55,5
976,"2016-08-14 13:48:25",2016,8,14,13,48,25,1
977,"2015-10-12 14:42:48",2015,10,12,14,42,48,2
978,"2017-08-07 02:18:06",2017,8,7,2,18,6,2
979,"2012-05-05 21:53:16",2012,5,5,21,53,16,7
980,"2017-09-16 07:25:50",2017,9,16,7,25,50,7
981,"2013-07-16 14:01:00",2013,7,16,14,1,0,3
982,"2017-05-18 17:59:45",2017,5,18,17,59,45,5
983,"2013-02-14 16:16:11",2013,2,14,16,16,11,5
984,"2013-06-26 08:43:33",2013,6,26,8,43,33,4
985,"2017-03-28 13:16:28",2017,3,28,13,16,28,3
986,"2016-05-08 09:23:56",2016,5,8,9,23,56,1
987,"2017-01-31 01:49:39",2017,1,31,1,49,39,3
988,"2014-01-20 06:53:56",2014,1,20,6,53,56,2
989,"2014-06-15 07:43:38",2014,6,15,7,43,38,1
990,"2012-07-14 11:38:06",2012,7,14,11,38,6,7
991,"2016-04-25 05:30:00",2016,4,25,5,30,0,2
992,"2017-07-18 14:12:02",2017,7,18,14,12,2,3
993,"2014-05-18 17:54:31",2014,5,18,17,54,31,1
994,"2012-06-14 22:03:50",2012,6,14,22,3,50,5
995,"2016-03-29 19:22:14",2016,3,29,19,22,14,3
996,"2017-09-19 17:00:30",2017,9,19,17,0,30,3
997,"2013-10-05 12:17:01",2013,10,5,12,17,1,7
998,"2015-06-30 14:42:22",2015,6,30,14,42,22,3
999,"2016-05-01 14:08:02",2016,5,1,14,8,2,1
1000,"2013-04-06 00:17:09",2013,4,6,0,17,9,7
